Workbook

Sheet BAŞLA
A1: # | B1: Konu | C1: Nasıl
A2: 0 | B2: Kim neye bakıyor (17 Eylül'den itibaren) | C2: Reklam (Meta + Google Ads) ve grafik tasarım / Instagram paylaşımı artık yeni reklam-tasarım arkadaşında. Yağız ve Melis'in listesinde reklam paneli, kreatif üretimi ve post/story/reels tasarımı YOK. Yağız'da kalan: SEO, marka dili/kurumsal kimlik yönü (üretim değil, karar), satış operasyonu, muhasebe, PR. Yeni arkadaşa ne teslim edilmesi gerektiği için REKLAM ARKADAŞI BRİFİ sekmesine bak.
A3: 1 | B3: Bu tablo ne? | C3: Techne Lab'in günlük işletme merkezi. Adaylar, aramalar, kayıtlar, tahsilat ve görev listeleri tek yerde. Başka bir listeye, deftere ya da WhatsApp notuna iş yazılmaz; her şey buraya.
A4: 2 | B4: Sabah ilk iş | C4: MELİS GÜNLÜK sekmesini aç, sırayla git. Bitirdiğin görevin kutusunu işaretle. Liste her sabah 07:00'de kendiliğinden sıfırlanır, dünkü sonuç ARŞİV'e yazılır.
A5: 3 | B5: Yeni başvurular | C5: Siteden gelen tanışma günü formları 15 dakikada bir ADAYLAR sekmesinin en altına kendiliğinden düşer. Sen sadece DM, WhatsApp ve telefonla gelenleri elle eklersin (KAYNAK sütununu seç).
A6: 4 | B6: Tek kural: DURUM | C6: Her temastan sonra DURUM sütununu güncelle. Sistem 'Son temas', 'Sonraki adım' ve 'Sonraki adım tarihi'ni kendisi doldurur. Kırmızı satır = 24 saati geçmiş ve hâlâ aranmamış başvuru. Sarı satır = sonraki adım tarihi bugün ya da geçmiş.
A7: 5 | B7: Durumlar | C7: 1-Yeni > 2-Ulaşılamadı > 3-Görüşüldü > 4-Tanışmaya gelecek > 5-Tanışmaya geldi / 6-Gelmedi > 7-Ödeme bekleniyor > 8-KAYIT OLDU. Kapanış: 9-Kaybedildi (nedenini NOT'a yaz) ya da 10-Sonraki dönem.
A8: 6 | B8: Kayıt olunca | C8: DURUM'u 8-KAYIT OLDU yap. Aday KAYIT-TAHSİLAT sekmesine kendiliğinden eklenir; paket, tutar, ödeme tipi ve sonraki ödeme tarihini sen tamamla. Para girişi olmadan satır 'bitti' sayılmaz.
A9: 7 | B9: Aramalar | C9: ARAMA SCRİPTİ sekmesi konuşmanın iskeleti. MESAJ ŞABLONLARI sekmesi WhatsApp ve DM metinleri. Kopyala, ismi değiştir, gönder.
A10: 8 | B10: Dil kuralları | C10: 'Ders' kelimesi kullanılmaz: atölye, program ya da seans denir. Eğitmen adı ve unvanı öne çıkarılmaz. Fiyat sitede yazmaz; telefonda ya da DM'de sorulursa net rakam verilir (güncel liste Yağız'dan). Postta telefon numarası paylaşılmaz.
A11: 9 | B11: Gün sonu | C11: SKOR sekmesinde bugünün satırına arama ve ulaşılan sayısını yaz. Yağız'a WhatsApp'tan 3 satır: kaç arama, kaç kayıt/ödeme, takıldığın tek şey.
A12: 10 | B12: Yetki sınırı | C12: İndirim, burs, taksit istisnası ve iade kararı Yağız'ın. Aday sorarsa 'sizin için hemen soruyorum, bugün dönüyorum' de ve NOT sütununa yaz.
A14: KURULUM | B14: Otomasyonu açmak (Yağız, bir kez) | C14: 1) Uzantılar > Apps Script. 2) KOD sekmesindeki metnin tamamını kopyala, oradaki boş dosyaya yapıştır, Kaydet. 3) Tabloyu yenile; üstte 'Techne Lab' menüsü çıkar. 4) Techne Lab > İlk kurulum > izinleri onayla. 5) Melis'e sabah e-postası için koddaki MELIS_EMAIL satırına adresini yaz. 6) Paylaş > Melis'in e-postası > Düzenleyen.

Sheet MELİS GÜNLÜK
A1: ✓ | B1: Saat | C1: Görev | D1: Nasıl / nerede | E1: Süre
B2: 09:30 | C2: ADAYLAR sekmesini aç: gece gelen başvurular ve kırmızı satırlar | D2: Kırmızı = 24 saati geçmiş, aranmamış. Bunlar ilk sıraya. | E2: 15 dk
B3: 09:45 | C3: Yağız ile 10 dakika | D3: Bugün aranacaklar, fiyat/burs sorusu olan adaylar, dünden kalan tek sorun. | E3: 10 dk
B4: 10:00 | C4: ARAMA BLOĞU 1: tüm 1-Yeni adayları ara | D4: ARAMA SCRİPTİ'ne göre. Her görüşmeden hemen sonra DURUM + NOT. Ulaşamazsan aynı dakika WhatsApp 'ulaşılamadı' mesajı. | E4: 2 saat
B5: 12:00 | C5: DM ve WhatsApp turu 1 | D5: Instagram DM, WhatsApp Business, post yorumları. Hiçbir mesaj 2 saatten fazla cevapsız kalmaz. Yeni ilgi = ADAYLAR'a satır (KAYNAK: Instagram DM / WhatsApp). | E5: 45 dk
B6: 14:00 | C6: TAKİP BLOĞU: sarı satırlar | D6: Sonraki adım tarihi bugün olanlar: 2-Ulaşılamadı (2. ve 3. deneme), 5-Tanışmaya geldi (kayıt görüşmesi), 7-Ödeme bekleniyor (hatırlatma). | E6: 1,5 saat
B7: 15:30 | C7: Tahsilat ve belge | D7: Bugünkü ödemeleri KAYIT-TAHSİLAT'a işle. Dekont/makbuz/faturayı Masaüstü > MUHASEBE > ilgili ay > GELIR ya da GIDER klasörüne kaydet. Dosya adı: YYYY-AA-GG_ad-soyad_program_tutar. | E7: 45 dk
B8: 16:15 | C8: Yaklaşan tanışma ve başlangıç teyitleri | D8: Yarın tanışma ya da ilk seansı olan herkese hatırlatma mesajı (MESAJ ŞABLONLARI). Teyit gelmeyeni akşam ara. | E8: 30 dk
B9: 16:45 | C9: DM ve WhatsApp turu 2 | D9: Öğleden sonra gelen tüm mesajlar. Akşama cevapsız mesaj bırakma. | E9: 45 dk
B10: 17:30 | C10: Kayıp ve itiraz notları | D10: Bugün 'düşüneyim', 'pahalı', 'zamanım yok' diyenlerin gerçek nedenini NOT'a tek cümleyle yaz. Haftalık toplantıda bu notlar okunacak. | E10: 15 dk
B11: 17:45 | C11: SKOR'u doldur + Yağız'a 3 satır | D11: Arama sayısı, ulaşılan, yeni tanışma, kayıt, tahsilat. Takıldığın tek şey. | E11: 15 dk
B12: 18:00 | C12: Yarının ilk 5 aramasını seç | D12: ADAYLAR'da filtre: Sonraki adım tarihi = yarın. En sıcak 5 kişiyi NOT'ta ★ ile işaretle. | E12: 15 dk

Sheet YAĞIZ GÜNLÜK
A1: ✓ | B1: Saat | C1: Görev | D1: Nasıl | E1: Süre
B2: 09:30 | C2: Sabah kontrolü (20 dk) | D2: ADAYLAR'da dünkü yeni başvuru ve kırmızı satır sayısı. KAYIT-TAHSİLAT'ta dünkü giriş. Reklam paneline girme — o artık reklam arkadaşının işi, haftalık SKOR'a onun bildirdiği rakam yazılır. | E2: 20 dk
B3: 09:45 | C3: Melis ile 10 dakika | D3: Fiyat/burs/taksit kararlarını ver. Kurucu dokunuşu gereken 1-3 sıcak adayı al. | E3: 10 dk
B4: 10:00 | C4: DERİN İŞ (2 saat) · günün teması | D4: Pzt SATIŞ ve operasyon · Sal SEO ve site · Çar KURUMSAL KİMLİK yönü (karar, üretim değil) · Per MARKA DİLİ · Cum PR, ortaklık ve haftalık değerlendirme. Ne yapılacağı HAFTALIK ve 90 GÜN sekmesinde. Telefon sessizde. | E4: 2 saat
B5: 12:15 | C5: Kurucu dokunuşu (20 dk) | D5: Melis'in verdiği 1-3 sıcak adaya kısa sesli mesaj ya da arama. Kayıt kararını bu kapatır. | E5: 20 dk
B6: 12:35 | C6: Kapanış (10 dk) | D6: Yarının tek önemli işini yaz. Claude'a bırakılabilecek işi Claude'a ver (rapor, metin taslağı, analiz). | E6: 10 dk

Sheet ADAYLAR
A1: Başvuru tarihi | B1: Kaynak | C1: Program | D1: Tanışma seansı | E1: Ad Soyad | F1: Telefon | G1: E-posta | H1: Instagram | I1: Yaş | J1: Meslek / okul | K1: İngilizce | L1: Deneyim / beklenti | M1: Nereden duydu | N1: İletişim izni | O1: DURUM | P1: Deneme | Q1: Son temas | R1: Sonraki adım | S1: Sonraki adım tarihi | T1: Tutar (kayıt) | U1: NOT | V1: Kaynak ID
A2: 46275 | B2: Form | C2: English Drama Lab | D2: Kadıköy · 12 Eylül Cumartesi · 14:00 | E2: Özlem Kırmızı | F2: 0531 513 17 12 | G2: ozlemmkirmizi@icloud.com | H2: @ozlemkrmzz | I2: 26 | J2: Doktor | K2: B1 | L2: Deneyim: 7-8 ay hip-hop dans kursu; çocukken halk eğitim merkezinde tiyatro / Beklenti: Tiyatroya eğlenceli bir dönüş ve İngilizce konuşma tecrübesi | M2: Instagram | N2: Evet | O2: 1-Yeni | P2: 0 | R2: Tanışma geçti: geldi mi, kaydoldu mu? Ara ve DURUM'u düzelt | S2: 46282 | V2: ozlemmkirmizi@icloud.com|english drama lab
A3: 46275 | B3: Form | C3: Techne Musical Lab | D3: Kadıköy · 12 Eylül Cumartesi · 18:30 | E3: Alp Yıldırım | F3: 0534 685 06 80 | G3: alprcpyildirim@icloud.com | H3: @thealpys | I3: 27 | J3: İnsan kaynakları personeli | L3: Deneyim: 1 sezon caz vokal, 2 sezon klasik vokal, 1 sezon armoni & solfej + müzik prodüksiyon / Beklenti: Sahne almak | M3: Instagram | N3: Hayır | O3: 1-Yeni | P3: 0 | R3: Tanışma geçti: geldi mi, kaydoldu mu? Ara ve DURUM'u düzelt | S3: 46282 | U3: 31.08'de 123.750 TL ödeme linki gönderilmiş, tahsil edilmemiş — güncel burslu fiyat 105.000 | V3: alprcpyildirim@icloud.com|techne musical lab
A4: 46275 | B4: Form | C4: English Drama Youth | D4: Taksim Pera · 13 Eylül Pazar · 13:00 | E4: Emine Naz Gül | F4: 0537 716 47 72 | G4: unlu.ayse@windowslive.com | H4: @ayse_eminenaz_denizefe | I4: 16 | J4: Öğrenci · 10. sınıf | K4: C1 ve üzeri | L4: Deneyim: Yok / Beklenti: Kendini ifade edebilmesi, sunum ve konuşma yapabilmesi | M4: Instagram | N4: Evet | O4: 1-Yeni | P4: 0 | R4: Tanışma geçti: geldi mi, kaydoldu mu? Ara ve DURUM'u düzelt | S4: 46282 | U4: Youth · Veli: Ayşe Ünlü · Veli onayı alındı | V4: unlu.ayse@windowslive.com|english drama youth
A5: 46275 | B5: Form | C5: English Drama Lab | D5: Taksim Pera · 19 Eylül Cumartesi · 15:00 | E5: Kaan Karaman | F5: 0544 911 19 20 | G5: kaankaraman4@gmail.com | H5: @kaankaramanlis | I5: 34 | J5: Kimya | K5: B2 | L5: Beklenti: Topluluk önündeki performansı iyileştirmek | M5: Instagram | N5: Hayır | O5: 4-Tanışmaya gelecek | P5: 0 | R5: Tanışmadan 1 gün önce hatırlatma mesajı | S5: 46283 | V5: kaankaraman4@gmail.com|english drama lab
A6: 46275 | B6: Form | C6: English Acting Praxis | D6: Taksim Pera · 19 Eylül Cumartesi · 17:00 | E6: Mehmet Yolcu | F6: 0553 724 40 31 | G6: mhmtylc93@gmail.com | I6: 29 | J6: Paramedik | K6: B1 | N6: Evet | O6: 4-Tanışmaya gelecek | P6: 0 | R6: Tanışmadan 1 gün önce hatırlatma mesajı | S6: 46283 | V6: mhmtylc93@gmail.com|english acting praxis
A7: 46276 | B7: Form | C7: Broadway Musical Dance | D7: Kadıköy · 12 Eylül Cumartesi · 18:30 | E7: Berna Ertekin | F7: 0530 304 50 61 | G7: bernaertekin25@gmail.com | H7: @benimiste | I7: 40 | J7: Oyuncu - ortodontist | L7: Deneyim: Koop danslar, craft tiyatro oyunculuk eğitimi / Beklenti: Sahnede olmak ve dans etmek için | M7: Instagram | N7: Evet | O7: 1-Yeni | P7: 0 | R7: Tanışma geçti: geldi mi, kaydoldu mu? Ara ve DURUM'u düzelt | S7: 46282 | V7: bernaertekin25@gmail.com|broadway musical dance
A8: 46276 | B8: Form | C8: Broadway Musical Dance | D8: Taksim Pera · 19 Eylül Cumartesi · 19:00 | E8: Ceren Çetinkaya | F8: 0505 208 31 48 | G8: cerencetinkaya04@gmail.com | H8: @crnctnkyaa | I8: 22 | J8: Öğrenci | L8: Deneyim: 4 sene ve hâlâ tiyatro / Beklenti: Dans etmek istiyorum ve edemiyorum | M8: Instagram | N8: Evet | O8: 4-Tanışmaya gelecek | P8: 0 | R8: Tanışmadan 1 gün önce hatırlatma mesajı | S8: 46283 | V8: cerencetinkaya04@gmail.com|broadway musical dance
A9: 46276 | B9: Form | C9: English Drama Lab | D9: Kadıköy · 12 Eylül Cumartesi · 14:00 | E9: Melis Sönmezgil | F9: 0532 347 45 47 | G9: sonmezgilmelis@gmail.com | H9: @Denemelisin | I9: 49 | J9: Yönetici asistanı | K9: C1 ve üzeri | L9: Deneyim: Doğaçlama tiyatro (Taksim Yota), kontak doğaçlama, Afrika dansı, forro, biraz capoeira / Beklenti: Eğlenmek ve İngilizcesini eğlenirken kullanmak | M9: Instagram | N9: Evet | O9: 1-Yeni | P9: 0 | R9: Tanışma geçti: geldi mi, kaydoldu mu? Ara ve DURUM'u düzelt | S9: 46282 | V9: sonmezgilmelis@gmail.com|english drama lab
A10: 46276 | B10: Form | C10: Techne Musical Lab | D10: Kadıköy · 12 Eylül Cumartesi · 18:30 | E10: Deniz Yanılmaz | F10: 0555 482 45 64 | G10: denizz.klc@gmail.com | H10: @nephthys.dk | I10: 39 | J10: Mühendis | L10: Deneyim: Vokal akademi müzikal korosunda soprano / Beklenti: Bir müzikal oyunda sahne almak | M10: Instagram | N10: Evet | O10: 1-Yeni | P10: 0 | R10: Tanışma geçti: geldi mi, kaydoldu mu? Ara ve DURUM'u düzelt | S10: 46282 | V10: denizz.klc@gmail.com|techne musical lab
A11: 46276 | B11: Form | C11: Broadway Musical Dance | D11: Kadıköy · 12 Eylül Cumartesi · 18:30 | E11: Duygu Sezgin | F11: 0551 650 91 89 | G11: aurelia.d.luci@gmail.com | H11: @aurelia.d.music | I11: 39 | J11: Müzisyen, oyuncu | L11: Deneyim: Oyunculuk ve müzisyenlik deneyimi, uzun zamandır; dans deneyimi daha az | M11: Instagram | N11: Hayır | O11: 1-Yeni | P11: 0 | R11: Tanışma geçti: geldi mi, kaydoldu mu? Ara ve DURUM'u düzelt | S11: 46282 | V11: aurelia.d.luci@gmail.com|broadway musical dance
A12: 46276 | B12: Form | C12: Techne Musical Lab | D12: Kadıköy · 12 Eylül Cumartesi · 18:30 | E12: Baver Gür | F12: 0506 963 59 62 | G12: bavergur@hotmail.com | H12: @bavergur | I12: 30 | J12: Yazılımcı | L12: Deneyim: 2 senelik tiyatro eğitimi, 2 farklı tiyatro grubunda oyun çıkartma | M12: Instagram | N12: Hayır | O12: 1-Yeni | P12: 0 | R12: Tanışma geçti: geldi mi, kaydoldu mu? Ara ve DURUM'u düzelt | S12: 46282 | V12: bavergur@hotmail.com|techne musical lab
A13: 46276 | B13: Form | C13: The Auteur Lab | D13: Kadıköy · 12 Eylül Cumartesi · 16:30 | E13: teresa Lee | F13: +905308569096 | G13: teresalee1310@gmail.com | H13: @tt_l_d | I13: 50 | J13: Housewife | M13: Instagram | N13: Evet | O13: 1-Yeni | P13: 0 | R13: Tanışma geçti: geldi mi, kaydoldu mu? Ara ve DURUM'u düzelt | S13: 46282 | V13: teresalee1310@gmail.com|the auteur lab
A14: 46276 | B14: Form | C14: Broadway Musical Dance | D14: Kadıköy · 12 Eylül Cumartesi · 18:30 | E14: ZÜMRÜT TETİK | F14: 5423828544 | G14: zumrutpinar@hotmail.com | H14: @zumruttetik | I14: 51 | J14: Mühendis | L14: Deneyim: Yok / Beklenti: Amatör olarak öğrenmek için pilatese gidiyorum keyifli ve hareketli olduğundan | M14: Instagram | N14: Evet | O14: 1-Yeni | P14: 0 | R14: Tanışma geçti: geldi mi, kaydoldu mu? Ara ve DURUM'u düzelt | S14: 46282 | V14: zumrutpinar@hotmail.com|broadway musical dance
A15: 46276 | B15: Form | C15: Broadway Musical Dance | D15: Kadıköy · 12 Eylül Cumartesi · 18:30 | E15: Alperen Alp | F15: 05344284591 | G15: alperen.alp045@gmail.com | I15: 25 | J15: Mühendis | M15: Instagram | N15: Hayır | O15: 1-Yeni | P15: 0 | R15: Tanışma geçti: geldi mi, kaydoldu mu? Ara ve DURUM'u düzelt | S15: 46282 | V15: alperen.alp045@gmail.com|broadway musical dance
A16: 46276 | B16: Form | C16: Broadway Musical Dance | D16: Kadıköy · 12 Eylül Cumartesi · 18:30 | E16: Birkan VATANSEVER | F16: +905534275889 | G16: birkanv@icloud.com | I16: 26 | J16: Askeri personel | M16: Instagram | N16: Evet | O16: 1-Yeni | P16: 0 | R16: Tanışma geçti: geldi mi, kaydoldu mu? Ara ve DURUM'u düzelt | S16: 46282 | V16: birkanv@icloud.com|broadway musical dance
A17: 46277 | B17: Form | C17: English Acting Praxis | D17: Taksim Pera · 19 Eylül Cumartesi · 17:00 | E17: Nur Yilmazlar | F17: 5053155319 | G17: nyilmazlar@hotmail.com | H17: @nyilmazlar | I17: 56 | J17: Hukukçu | K17: B1 | L17: Beklenti: Günlük hayatta seyahatlerinde iletişim kurmak için eğlenerek İngilizce öğrenmek, meraklı eğlenceli bir ortamda benzer duyguda insanlarla tanışmak | M17: Instagram | N17: Evet | O17: 4-Tanışmaya gelecek | P17: 0 | R17: Tanışmadan 1 gün önce hatırlatma mesajı | S17: 46283 | V17: nyilmazlar@hotmail.com|english acting praxis
A18: 46277 | B18: Form | C18: English Acting Praxis | D18: Taksim Pera · 19 Eylül Cumartesi · 17:00 | E18: Yunus Turkili | F18: 5324556714 | G18: yunus_t@yahoo.com | H18: @yturkili | I18: 47 | J18: Mühendis | K18: C1 ve üzeri | M18: Instagram | N18: Hayır | O18: 4-Tanışmaya gelecek | P18: 0 | R18: Tanışmadan 1 gün önce hatırlatma mesajı | S18: 46283 | V18: yunus_t@yahoo.com|english acting praxis
A19: 46277 | B19: Form | C19: English Drama Lab | D19: Kadıköy · 12 Eylül Cumartesi · 14:00 | E19: Şerif | F19: 5325538040 | G19: serifakdeniz0@gmail.com | H19: @serifakdenizz | I19: 29 | J19: Mühendis | K19: B1 | L19: Beklenti: İngilizce ile tiyatro deneyimlemek ve İngilizce yetkinliğini artırmak | M19: Instagram | N19: Evet | O19: 1-Yeni | P19: 0 | R19: Tanışma geçti: geldi mi, kaydoldu mu? Ara ve DURUM'u düzelt | S19: 46282 | V19: serifakdeniz0@gmail.com|english drama lab
A20: 46277 | B20: Form | C20: Broadway Musical Dance | D20: Kadıköy · 12 Eylül Cumartesi · 18:30 | E20: Havin Gureli | F20: +905442335771 | G20: havingureli@gmail.com | H20: @havingrl | I20: 16 | J20: Güzel sanatlar öğrencisi | L20: Deneyim: Güzel sanatlar lisesi tiyatro bölümü 11. sınıf öğrencisi; Dormen Akademi 1 sene müzikal tiyatro eğitimi / Beklenti: Tiyatronun yanında başka dallarda da eğitim almak ve kendini geliştirmek | M20: Instagram | N20: Hayır | O20: 1-Yeni | P20: 0 | R20: Tanışma geçti: geldi mi, kaydoldu mu? Ara ve DURUM'u düzelt | S20: 46282 | U20: 18 yaş altı (16) — formda veli bilgisi yok, teyit gerekli | V20: havingureli@gmail.com|broadway musical dance
A21: 46277 | B21: Form | C21: Techne Musical Lab | D21: Kadıköy · 12 Eylül Cumartesi · 18:30 | E21: Sibel Türkmen | F21: +905325832317 | G21: sibelturkmen@gmail.com | H21: @sibelturkmennn | I21: 47 | J21: Mimar, Oyuncu, Şarkıcı | L21: Deneyim: Şekerpare uyarlamasında Peyker rolü; piyano, şan ve müzikal eğitimi; TRT Klasik Batı Müziği Gençlik Korosu, LG İstanbul müzikal korosu, Acapella Grup 34; Plato Film kamera önü oyunculuk sertifikası; Ayla Algan ve Meltem Taşkıran ile çalışma; dramatik soprano / Beklenti: Sahne kariyeri yapmak | M21: Instagram | N21: Evet | O21: 1-Yeni | P21: 0 | R21: Tanışma geçti: geldi mi, kaydoldu mu? Ara ve DURUM'u düzelt | S21: 46282 | V21: sibelturkmen@gmail.com|techne musical lab
A22: 46277 | B22: Form | C22: Broadway Musical Dance | D22: Taksim Pera · 19 Eylül Cumartesi · 19:00 | E22: Eylül Akkurt | F22: 05330855311 | G22: eylul_akkurt@hotmail.com | H22: @eylulakkurt | I22: 38 | J22: Kabin memuru | L22: Beklenti: Dans etmeyi çok seviyor | M22: Instagram | N22: Evet | O22: 4-Tanışmaya gelecek | P22: 0 | R22: Tanışmadan 1 gün önce hatırlatma mesajı | S22: 46283 | V22: eylul_akkurt@hotmail.com|broadway musical dance
A23: 46278 | B23: Form | C23: English Acting Praxis | D23: Taksim Pera · 19 Eylül Cumartesi · 17:00 | E23: Zeyna Karaşin | F23: 05385882603 | G23: zeynakarashan@gmail.com | H23: @Zeynakarasn | I23: 25 | J23: Öğrenci | K23: C1 ve üzeri | L23: Deneyim: Sahne sanatları eğitiminin başında / Beklenti: Globalde oyuncu olmak; İngilizce sahne çalışmanın heyecanını yaşamak | M23: Instagram | N23: Evet | O23: 4-Tanışmaya gelecek | P23: 0 | R23: Tanışmadan 1 gün önce hatırlatma mesajı | S23: 46283 | V23: zeynakarashan@gmail.com|english acting praxis
A24: 46280 | B24: Form | C24: Techne Musical Lab | D24: Taksim Pera · 19 Eylül Cumartesi · 19:00 | E24: Duru Ince | F24: 0533 637 06 22 | G24: duru0ince@gmail.com | H24: @dduruince | I24: 15 | J24: Öğrenci | L24: Deneyim: Küçükken okulda sergilenen tiyatrolarda oynadı / Beklenti: Müzikal tiyatroda kendini geliştirmek | M24: Google | N24: Evet | O24: 4-Tanışmaya gelecek | P24: 0 | R24: Tanışmadan 1 gün önce hatırlatma mesajı | S24: 46283 | U24: Techne Musical Lab kaydı (Broadway ile ortak seans) · 18 yaş altı (15) — formda veli bilgisi yok, teyit gerekli | V24: duru0ince@gmail.com|techne musical lab
A25: 46280 | B25: Form | C25: English Acting Praxis | D25: Taksim Pera · 19 Eylül Cumartesi · 17:00 | E25: Fulden Melis Şenocak | F25: 0505 472 51 93 | G25: fuldenmeliss@hotmail.com | H25: @fuldenmelis | I25: 33 | J25: Avukat/Oyuncu | K25: C1 ve üzeri | L25: Deneyim: İTÜ Müzikal - Heathers Müzikali; Keşanlı Ali Destanı - Müjdat Gezen Sanat Merkezi / Beklenti: İngilizce monolog çalışmak ve sunum dosyasına İngilizce audition eklemek | M25: Instagram | N25: Evet | O25: 4-Tanışmaya gelecek | P25: 0 | R25: Tanışmadan 1 gün önce hatırlatma mesajı | S25: 46283 | V25: fuldenmeliss@hotmail.com|english acting praxis
A26: 46280 | B26: Form | C26: Broadway Musical Dance | D26: Taksim Pera · 19 Eylül Cumartesi · 19:00 | E26: Sandra bahar | F26: 0533 297 13 32 | G26: sandraba@yahoo.com | H26: @sandra.bahar | I26: 46 | J26: Çocuk Gelişim Uzmanı | L26: Deneyim: Yaratıcı drama eğitmeni olarak tiyatro tekniklerine aşina; latin dansları başlangıç eğitimlerine katıldı / Beklenti: Eğlenmek | M26: Instagram | N26: Evet | O26: 4-Tanışmaya gelecek | P26: 0 | R26: Tanışmadan 1 gün önce hatırlatma mesajı | S26: 46283 | V26: sandraba@yahoo.com|broadway musical dance
A27: 46281 | B27: Form | C27: Broadway Musical Dance | D27: Taksim Pera · 19 Eylül Cumartesi · 19:00 | E27: Nurcan Durak | F27: 0551 166 95 63 | G27: nurcanndurak@gmail.com | I27: 26 | J27: Sivil Toplum Çalışanı | L27: Deneyim: Daha önce hiç dans etmedi / Beklenti: Dansın kendini ifade etme biçimi olarak dışavurumcu halini seviyor; kolektif bir akışta birlikte üretmeyi denemek istiyor | M27: Instagram | N27: Hayır | O27: 4-Tanışmaya gelecek | P27: 0 | R27: Tanışmadan 1 gün önce hatırlatma mesajı | S27: 46283 | V27: nurcanndurak@gmail.com|broadway musical dance
A28: 46281 | B28: Form | C28: Broadway Musical Dance | D28: Taksim Pera · 19 Eylül Cumartesi · 19:00 | E28: Duygu Özyurt | F28: 0533 696 25 95 | G28: duyguozyurtduygu@gmail.com | I28: 42 | J28: Mühendis | L28: Beklenti: Dans etmeyi seviyor; bir amaçla koreografi ile öğrenme fikri hoşuna gitti | M28: Instagram | N28: Evet | O28: 4-Tanışmaya gelecek | P28: 0 | R28: Tanışmadan 1 gün önce hatırlatma mesajı | S28: 46283 | V28: duyguozyurtduygu@gmail.com|broadway musical dance
A29: 46281 | B29: Form | C29: English Acting Praxis | D29: Taksim Pera · 19 Eylül Cumartesi · 17:00 | E29: Yıldız Kılınç | F29: 0536 646 21 41 | G29: yildizklnc@gmail.com | I29: 48 | J29: Yurtdışı Eğitim Danışmanı | K29: C1 ve üzeri | L29: Deneyim: Ayla Algan ve Şahika Tekand ile çalışma imkanı oldu (uzun zaman önce) / Beklenti: İngilizce oyunculuk çalışma deneyimi ilgisini çekti | M29: Instagram | N29: Evet | O29: 4-Tanışmaya gelecek | P29: 0 | R29: Tanışmadan 1 gün önce hatırlatma mesajı | S29: 46283 | V29: yildizklnc@gmail.com|english acting praxis
A30: 46281 | B30: Form | C30: English Drama Lab | D30: Taksim Pera · 19 Eylül Cumartesi · 15:00 | E30: ceyda ilhan | F30: 0538 967 56 96 | G30: 93ceyda@gmail.com | H30: @ceydailhan | I30: 33 | J30: Pilates stüdyo sahibi/öğrenci | K30: B1 | L30: Beklenti: Tiyatro eğitimi almak ve İngilizce kendini rahat ifade edebilmek | M30: Instagram | N30: Evet | O30: 4-Tanışmaya gelecek | P30: 0 | R30: Tanışmadan 1 gün önce hatırlatma mesajı | S30: 46283 | V30: 93ceyda@gmail.com|english drama lab
A31: 46281 | B31: Form | C31: Techne Musical Lab | D31: Taksim Pera · 19 Eylül Cumartesi · 19:00 | E31: Emrecan Leblebici | F31: 0555 679 60 96 | G31: emrecanleb@gmail.com | H31: @Emrecanleb | I31: 37 | J31: Oyuncu | L31: Beklenti: Tanışmak için | M31: Arkadaş tavsiyesi | N31: Evet | O31: 4-Tanışmaya gelecek | P31: 0 | R31: Tanışmadan 1 gün önce hatırlatma mesajı | S31: 46283 | U31: Techne Musical Lab kaydı (Broadway ile ortak seans) | V31: emrecanleb@gmail.com|techne musical lab
A32: 46281 | B32: Form | C32: Broadway Musical Dance | D32: Taksim Pera · 19 Eylül Cumartesi · 19:00 | E32: Selin Seçen | F32: 0533 280 49 80 | G32: selin.secen@gmail.com | H32: @selinsecen | I32: 45 | J32: Turist rehberi | L32: Deneyim: Üniversite yıllarından eşli danslar, sonrasında lindy hop / Beklenti: Eğlenmek | M32: Instagram | N32: Hayır | O32: 4-Tanışmaya gelecek | P32: 0 | R32: Tanışmadan 1 gün önce hatırlatma mesajı | S32: 46283 | V32: selin.secen@gmail.com|broadway musical dance
A33: 46281 | B33: Form | C33: English Drama Lab | D33: Taksim Pera · 19 Eylül Cumartesi · 15:00 | E33: Serdar Genel | F33: 0531 222 32 33 | G33: serdargenel@hotmail.com | H33: @serdargenel | I33: 27 | J33: Gazeteci | K33: C1 ve üzeri | L33: Deneyim: BKM Mutfak — kamera önü oyunculuk / Beklenti: Improve my English persona | M33: Instagram | N33: Hayır | O33: 4-Tanışmaya gelecek | P33: 0 | R33: Tanışmadan 1 gün önce hatırlatma mesajı | S33: 46283 | V33: serdargenel@hotmail.com|english drama lab
A34: 46282 | B34: Form | C34: Techne Musical Lab | D34: Taksim Pera · 19 Eylül Cumartesi · 19:00 | E34: Berfin yeşilyaprak | F34: 0554 864 10 53 | G34: berfin.yesilyaprak@gmail.com | H34: @berfinyesilyaprak | I34: 29 | J34: Müzisyen | L34: Deneyim: Perküsyon show sahne (düzenli); geçmişte modern & çağdaş dans; oryantal / Beklenti: Güzel bir grupla birlikte çalışmak, kolektif hareket ve dans edebilmek | M34: Instagram | N34: Evet | O34: 4-Tanışmaya gelecek | P34: 0 | R34: Tanışmadan 1 gün önce hatırlatma mesajı | S34: 46283 | U34: Techne Musical Lab kaydı (Broadway ile ortak seans) | V34: berfin.yesilyaprak@gmail.com|techne musical lab
A35: 46282 | B35: Form | C35: English Acting Praxis | D35: Taksim Pera · 19 Eylül Cumartesi · 17:00 | E35: Pınar Zor | F35: 0530 610 64 95 | G35: avpinarsaz@gmail.com | I35: 30 | J35: Avukat | K35: C1 ve üzeri | L35: Beklenti: Program İngilizce dil yeteneğini geliştirmeyi ve oyunculuk hayalini gerçeğe dökme isteğini buluşturuyor | M35: Instagram | N35: Evet | O35: 4-Tanışmaya gelecek | P35: 0 | R35: Tanışmadan 1 gün önce hatırlatma mesajı | S35: 46283 | V35: avpinarsaz@gmail.com|english acting praxis

Sheet KAYIT-TAHSİLAT
A1: Kayıt tarihi | B1: Ad Soyad | C1: Program | D1: Paket / dönem | E1: Liste fiyatı ₺ | F1: İndirim / burs ₺ | G1: Tahsil edilen ₺ | H1: Kalan ₺ | I1: Ödeme tipi | J1: Taksit sayısı | K1: Sonraki ödeme tarihi | L1: Kaynak | M1: Fatura / makbuz kesildi | N1: Belge klasörde | O1: Not
H2: =IF(E2="","",E2-F2-G2)
H3: =IF(E3="","",E3-F3-G3)
H4: =IF(E4="","",E4-F4-G4)
H5: =IF(E5="","",E5-F5-G5)
H6: =IF(E6="","",E6-F6-G6)
H7: =IF(E7="","",E7-F7-G7)
H8: =IF(E8="","",E8-F8-G8)
H9: =IF(E9="","",E9-F9-G9)
H10: =IF(E10="","",E10-F10-G10)
H11: =IF(E11="","",E11-F11-G11)
H12: =IF(E12="","",E12-F12-G12)
H13: =IF(E13="","",E13-F13-G13)
... H301: =IF(E301="","",E301-F301-G301)

Sheet HAFTALIK
A1: ✓ | B1: Kim | C1: Görev | D1: Gün | E1: Alan | F1: Bitti sayılması için | G1: Süre | H1: Claude'a şöyle ver
B2: Yağız + Melis | C2: Haftalık satış toplantısı | D2: Pzt | E2: Satış | F2: SKOR sekmesi, kırmızı satırlar, kayıp nedenleri. Tek karar: bu hafta neyi farklı yapıyoruz. | G2: 30 dk
B3: Yağız | C3: Reklam arkadaşıyla 15 dakika | D3: Pzt | E3: Reklam devri | F3: Geçen haftanın program bazında harcama/mesaj/kayıt rakamı SKOR'a işlendi. Bu hafta hangi programa ağırlık vereceği net. | G3: 15 dk
B4: Yağız | C4: Program tarihleri 5 kaynakta tutuyor mu | D4: Pzt | E4: Kod | F4: data.ts, sessions.ts, site, broşür aynı tarihi söylüyor. Tutmuyorsa reklam arkadaşına da haber ver, o da reklamı düzeltsin. | G4: 15 dk | H4: /tarih-kontrol
B5: Yağız | C5: SEO raporu ve 2 aksiyon | D5: Sal | E5: SEO | F5: Rapor seo-raporlar klasöründe. Önerilen 3 aksiyondan en az 2'si bitti. | G5: 90 dk | H5: "SEO durumu ne"
B6: Yağız | C6: 1 sayfa ya da makale güçlendir | D6: Sal | E6: SEO | F6: Hedef sorgu için iç link, başlık, SSS. Deploy edildi. | G6: 30 dk | H6: "oyunculuk kursu istanbul sayfasını güçlendir"
B7: Yağız | C7: 90 GÜN planındaki kurumsal kimlik/marka cümlesi işi | D7: Çar | E7: Marka | F7: O haftanın teslimatı bitti (karar/metin). Üretim gereken kısım (görsel, şablon) reklam-tasarım arkadaşına brief olarak yazıldı. | G7: 90 dk
B8: Yağız | C8: Marka dili işi + yayın kanalı mesajları | D8: Per | E8: Marka | F8: 90 GÜN'deki marka dili teslimatı. Instagram yayın kanalına haftanın 2 mesajı. | G8: 45 dk
B9: Yağız | C9: 3 dış temas (basın, kurum, okul, ortak) | D9: Cum | E9: PR | F9: LINK-BUILDING planındaki sıradaki dalga. Gmail taslakları gözden geçirildi, gönderildi. | G9: 45 dk | H9: "Link building dalgası için 3 mail taslağı hazırla"
B10: Yağız | C10: Haftalık değerlendirme | D10: Cum | E10: Yönetim | F10: 90 GÜN sekmesinde haftanın satırı işaretlendi. Önümüzdeki haftanın 3 önceliği yazıldı. | G10: 30 dk
B11: Yağız | C11: Eğitmenlerden içerik ve geri bildirim topla | D11: Cum | E11: Marka | F11: Her programdan haftada 1 fotoğraf/video ve 1 cümlelik katılımcı gözlemi — reklam-tasarım arkadaşına ham malzeme olarak iletildi. | G11: 15 dk
B12: Melis | C12: Geçen haftanın SKOR satırını tamamla | D12: Pzt | E12: Satış | F12: Arama, ulaşılan, tanışma, kayıt, tahsilat sayıları eksiksiz. | G12: 20 dk
B13: Melis | C13: Haftanın tanışma günleri ve ilk seans teyitleri | D13: Pzt | E13: Satış | F13: Bu hafta tanışması ya da başlangıcı olan herkesin DURUM'u net, hatırlatma tarihleri girilmiş. | G13: 30 dk
B14: Melis | C14: Ödeme ve taksit vadesi taraması | D14: Çar | E14: Muhasebe | F14: KAYIT-TAHSİLAT'ta sarı satırlar (vadesi gelmiş) arandı ya da mesaj atıldı. | G14: 30 dk
B15: Melis | C15: 2-Ulaşılamadı listesini temizle | D15: Çar | E15: Satış | F15: 3 denemesi dolanlar son mesajı aldı ve 10-Sonraki dönem'e alındı. Liste boş. | G15: 30 dk
B16: Melis | C16: Tanışmaya gelip kaydolmayanlarla ikinci görüşme | D16: Per | E16: Satış | F16: Her birinin gerçek engeli NOT'ta. Karar gereken durumlar Yağız'a iletildi. | G16: 45 dk
B17: Melis | C17: Haftanın belgeleri muhasebe klasöründe | D17: Cum | E17: Muhasebe | F17: Tüm dekont, fatura, makbuz ilgili ayın GELIR/GIDER klasöründe. Eksik belge listesi Yağız'a gitti. | G17: 45 dk
B18: Melis | C18: 3 Google yorumu iste | D18: Cum | E18: Marka | F18: Memnun katılımcılara KATILIMCI_YORUMU mesajı. Gelen yorum sayısı SKOR'a. | G18: 20 dk
B19: Melis | C19: Kayıp nedenleri özeti | D19: Cum | E19: Satış | F19: Haftanın en sık 3 kayıp nedeni, tek cümleyle, Pazartesi toplantısı için hazır. | G19: 20 dk

Sheet AYLIK
A1: ✓ | B1: Kim | C1: Görev | D1: Ne zaman | E1: Alan | F1: Bitti sayılması için | G1: Süre | H1: Claude'a şöyle ver
B2: Yağız | C2: Ayı kapat: gelir, gider, program bazında kârlılık | D2: Ayın 1-3'ü | E2: Yönetim | F2: Muhasebe özeti hazır. Reklam arkadaşının bildirdiği harcama / kayıt sayısı tabloya işlendi. | G2: 60 dk | H2: /ay-kapat
B3: Yağız | C3: Gelecek ayın reklam bütçesini onayla | D3: Ayın 1-3'ü | E3: Reklam devri | F3: Reklam arkadaşı kayıt başı maliyete göre öneri getirdi, Yağız onayladı ya da düzeltti. Bütçe kararı Yağız'da kalır, uygulama arkadaşta. | G3: 15 dk
B4: Yağız | C4: Aylık SEO ve AI görünürlük karşılaştırması | D4: 1. hafta | E4: SEO | F4: Search Console tıklama/gösterim/ortalama sıra, GA4 organik ve AI Assistant kanalı, geçen ayla fark. | G4: 45 dk | H4: "Aylık SEO karşılaştırması yap"
B5: Yağız | C5: Rakip taraması | D5: 1. hafta | E5: Strateji | F5: Yeni program, fiyat, kampanya, içerik hamlesi yapan rakipler ve bizim tek cevabımız. | G5: 30 dk | H5: "Rakipleri kontrol et"
B6: Yağız | C6: Gelecek ayın içerik takvimini reklam arkadaşına brief et | D6: Son hafta | E6: Marka | F6: Hangi program, hangi tarih, hangi mesaj öne çıkacak — metin ve öncelik listesi arkadaşa iletildi. Görsel/post üretimi ve yayın takvimi onun elinde. | G6: 45 dk | H6: "Ekim için program önceliklerini ve mesaj başlıklarını çıkar"
B7: Yağız | C7: Marka dili denetimi | D7: Son hafta | E7: Marka | F7: Son 30 günün reklam arkadaşı tarafından üretilen post ve reklam metinleri dil kurallarına uyuyor mu ('ders' yok, uzun tire yok, postta telefon yok, eğitmen adı reklamda yok). Uymayanlar listelendi, arkadaşa geri bildirildi. | G7: 20 dk | H7: "Son 30 günün post ve reklam metinlerini marka kurallarına göre denetle"
B8: Yağız | C8: PR / backlink dalgası | D8: 2. hafta | E8: PR | F8: LINK-BUILDING planındaki dalga gönderildi, cevaplar takipte. | G8: 60 dk
B9: Yağız | C9: Eğitmenlerle 30 dakika | D9: 3. hafta | E9: Kalite | F9: Katılımcı memnuniyeti, bırakma riski olanlar, içerik fırsatları konuşuldu. | G9: 30 dk
B10: Yağız | C10: 90 GÜN planını güncelle | D10: Son gün | E10: Yönetim | F10: Biten fazlar işaretli, kayan işler yeni haftaya taşındı. | G10: 20 dk
B11: Melis | C11: Ay sonu tahsilat mutabakatı | D11: Son 2 gün | E11: Muhasebe | F11: KAYIT-TAHSİLAT ile banka/POS hareketleri tek tek eşleşti. Eşleşmeyenler listelendi. | G11: 90 dk
B12: Melis | C12: Ayın GELIR listesini doldur | D12: Son gün | E12: Muhasebe | F12: MUHASEBE > ay > GELIR klasöründeki CSV dolu; Yağız /ay-kapat çalıştırabilir. | G12: 45 dk
B13: Melis | C13: Gelecek ayın taksit takvimi | D13: Son gün | E13: Muhasebe | F13: Vadesi gelecek ay dolan tüm ödemeler tarihli liste halinde. | G13: 30 dk
B14: Melis | C14: Sonraki dönem ve kayıp adaylara geri dönüş | D14: 2. hafta | E14: Satış | F14: Yalnızca iletişim izni 'Evet' olanlara yeni dönem/tanışma günü mesajı gitti. | G14: 60 dk
B15: Melis | C15: Aylık kayıp nedenleri raporu | D15: Son hafta | E15: Satış | F15: En sık 3 neden, sayılarıyla. Yağız'a gitti. | G15: 30 dk
B16: Melis | C16: Katılımcı memnuniyet anketi (5 soru) | D16: 3. hafta | E16: Kalite | F16: Aktif katılımcılara gönderildi, sonuçlar özetlendi, olumlu yorumlar marka için ayrıldı. | G16: 45 dk
B17: Melis | C17: Muhasebeciye belge teslimi | D17: Ayın 5'i | E17: Muhasebe | F17: Bir önceki ayın tüm belgeleri eksiksiz teslim edildi. | G17: 30 dk

Sheet 90 GÜN
A1: ✓ | B1: Hafta | C1: Tarih | D1: Faz | E1: Haftanın hedefi | F1: Yağız teslimatları | G1: Melis teslimatları
A2: ✓ | B2: 0 | C2: 17-20 Eyl | D2: 1 · KAYIT SPRİNTİ | E2: Sistemi kur, reklamı devret, hiçbir başvuru kaybolmasın | F2: Sheet + otomasyon kurulumu. 'oyunculuk kursu istanbul' iç link ağı — 5 makale güncellendi, build temiz, deploy bekliyor. REKLAM ARKADAŞI BRİFİ sekmesi reklam arkadaşına iletildi. GA4 3 olayı önemli etkinlik (5 dk). Search Console doğrulaması (10 dk). 19 Eylül tanışma günü. | G2: Eğitim: BAŞLA sekmesi + 10 örnek arama. Eski başvuruların durumunu netleştir. 19 Eylül katılımcılarına hatırlatma.
B3: 1 | C3: 21-27 Eyl | D3: 1 · KAYIT SPRİNTİ | E3: 19 Eylül'e gelenleri kayda çevir | F3: 'yaratıcı drama kursu istanbul' için sayfa güçlendirme (2. SEO hedefi, plandan 6 hafta erken). Google Business Profile aç. 27 Eylül Youth tanışma günü hazırlığı. Reklam arkadaşına Youth için veliye özel DM akışını ilet (metni o yazar, kuralları BAŞLA'da). | G3: 19 Eylül'e gelen herkesle 48 saat içinde görüşme. Ağustos-Eylül kayıt ve tahsilatlarını geriye dönük KAYIT-TAHSİLAT'a gir.
B4: 2 | C4: 28 Eyl-4 Eki | D4: 1 · KAYIT SPRİNTİ | E4: Dönem başlangıçları dolu açılsın | F4: Musical Lab başlangıcı (28 Eylül). Basın/kurum ağı 1. dalga (LINK-BUILDING) — otorite fazından erkene çekildi. Ekim başlangıçları için hangi programın önceliği olduğunu reklam arkadaşına yaz. | G4: Ödeme bekleyenleri kapat. İlk seans teyitleri. 10-Sonraki dönem listesine ara dönem/Ocak bilgisi.
B5: 3 | C5: 5-11 Eki | D5: 2 · MARKA TEMELİ | E5: Marka platformu | F5: Tek sayfa: neden varız, kime, neden biz (3 sütun), ses ve ton. 8 katılımcı/veli ile 15'er dakikalık 'neden bizi seçtin' görüşmesi. Claude ile taslak, sen son söz. | G5: 8 görüşmeyi ayarla, notları tek dosyada topla.
B6: 4 | C6: 12-18 Eki | D6: 2 · MARKA TEMELİ | E6: Marka cümleleri | F6: Ana cümle için 3 aday, story anketiyle seç (reklam A/B testi artık arkadaşın elinde, istersen o da dener). Her program için tek cümlelik vaat. Instagram bio, GBP açıklaması, WhatsApp profil, e-posta imzası yeni dille — bunlar metin, sen yazarsın. | G6: Arama scriptinin açılış cümlesini yeni marka cümlesiyle güncelle.
B7: 5 | C7: 19-25 Eki | D7: 2 · MARKA TEMELİ | E7: Kurumsal kimlik kılavuzu (karar), üretim reklam arkadaşında | F7: Logo kullanımı, siyah + neon renk oranı, tipografi, fotoğraf dili (gerçek an, sahne ışığı, kalabalık yok) — kılavuz metni sen yazarsın. Post/story/reels kapak/broşür şablonlarını bu kılavuza göre üretmek reklam-tasarım arkadaşının işi; kılavuzu ona teslim et. | G7: Katılımcı sözü için 10 gerçek yorumu topla (izinli), arkadaşa ham metin olarak ilet.
B8: 6 | C8: 26 Eki-1 Kas | D8: 2 · MARKA TEMELİ | E8: İmajı her temas noktasına taşı | F8: Site ana sayfa ve hakkında metinleri yeni cümlelerle (kod, sen). Instagram vitrin, PDF kapak şablonları arkadaşın elinde — sen hangi programın öne çıkacağını söylersin. | G8: Mesaj şablonlarını yeni dille güncelle. Tanışma günü karşılama kiti (isim kartı, QR ile form).
B9: 7 | C9: 2-8 Kas | D9: 3 · OTORİTE | E9: SEO: kalan sayfalar + AI görünürlük | F9: Search Console verisiyle sıradaki en yüksek hacimli boşluk sayfası. AI Overview/asistan kanalı büyüttüğü için llms.txt ve yapılandırılmış veri güncel mi kontrol. | G9: Google yorum kampanyası: hedef ay sonunda 25 yorum.
B10: 8 | C10: 9-15 Kas | D10: 3 · OTORİTE | E10: Basın ve kurum ağı 2. dalga | F10: t24/Cumhuriyet kültür servisi, ArtDog/Bant Mag söyleşi pitch'i. Üniversite tiyatro kulüplerine misafir atölye teklifi. | G10: Basın ve kurum cevaplarını takip tablosuna işle.
B11: 9 | C11: 16-22 Kas | D11: 3 · OTORİTE | E11: Katılımcı hikâyeleri | F11: 3 kısa video röportaj için gönüllü bul, görüşmeyi sen yap (neden geldi, ne değişti). Çekim/kurgu/yayın reklam-tasarım arkadaşının işi. | G11: Röportaj takvimini ayarla, izin formlarını topla.
B12: 10 | C12: 23-29 Kas | D12: 3 · OTORİTE | E12: Öğretmen ağı + kaynak sayfaları | F12: LINK-BUILDING dalga 4: Öğretmen Ağı üzerinden sözlük+monolog kaynağı duyurusu. Kayıp neden raporundan çıkan 3 itiraz cevabını reklam arkadaşına ilet (metne o karar verir, dil kurallarına sen bakarsın). | G12: Kayıp nedenleri özetini hazırla.
B13: 11 | C13: 30 Kas-6 Ara | D13: 4 · OCAK DÖNEMİ | E13: Ocak takvimi tek kaynakta | F13: Ocak programları, tarihler, tanışma günleri data.ts ve sessions.ts'e (kod, sen). Broşürler yeni kimlikle — üretim arkadaşta. | G13: Ocak için ön kayıt listesi aç (ADAYLAR, 10-Sonraki dönem).
B14: 12 | C14: 7-13 Ara | D14: 4 · OCAK DÖNEMİ | E14: Geri kazanım | F14: Sonraki dönem ve kaybedilen adaylara özel mesaj metni sen yazarsın; retargeting reklamının kurulumu arkadaşın işi. | G14: İletişim izni olan tüm eski adayları tek tek dön, sonucu işle.
... B16: 14 | C16: 21-27 Ara | D16: 4 · OCAK DÖNEMİ | E16: 2027 planı | F16: Yıllık bütçe, program bazında kayıt hedefi, Q1 takvimi. 90 günün dersleri (neler işe yaradı). | G16: 2026 kayıt/tahsilat/kayıp özeti.

Sheet SKOR
A1: Hafta (Pzt) | B1: Yeni aday (otomatik) | C1: Arama sayısı | D1: Ulaşılan | E1: Tanışmaya gelen | F1: Kayıt (otomatik) | G1: Tahsilat ₺ (otomatik) | H1: Reklam harcaması ₺ (arkadaş bildirir) | I1: Kayıt başı reklam ₺ | J1: Cevapsız DM (gün sonu) | K1: Yeni Google yorumu | L1: Haftanın notu
A2: 46279 | B2: =COUNTIFS(ADAYLAR!$A$2:$A$600,">="&A2,ADAYLAR!$A$2:$A$600,"<"&A2+7) | F2: =COUNTIFS('KAYIT-TAHSİLAT'!$A$2:$A$301,">="&A2,'KAYIT-TAHSİLAT'!$A$2:$A$301,"<"&A2+7) | G2: =SUMIFS('KAYIT-TAHSİLAT'!$G$2:$G$301,'KAYIT-TAHSİLAT'!$A$2:$A$301,">="&A2,'KAYIT-TAHSİLAT'!$A$2:$A$301,"<"&A2+7) | I2: =IF(OR(H2="",F2=0),"",H2/F2)
A3: 46286 | B3: =COUNTIFS(ADAYLAR!$A$2:$A$600,">="&A3,ADAYLAR!$A$2:$A$600,"<"&A3+7) | F3: =COUNTIFS('KAYIT-TAHSİLAT'!$A$2:$A$301,">="&A3,'KAYIT-TAHSİLAT'!$A$2:$A$301,"<"&A3+7) | G3: =SUMIFS('KAYIT-TAHSİLAT'!$G$2:$G$301,'KAYIT-TAHSİLAT'!$A$2:$A$301,">="&A3,'KAYIT-TAHSİLAT'!$A$2:$A$301,"<"&A3+7) | I3: =IF(OR(H3="",F3=0),"",H3/F3)
A4: 46293 | B4: =COUNTIFS(ADAYLAR!$A$2:$A$600,">="&A4,ADAYLAR!$A$2:$A$600,"<"&A4+7) | F4: =COUNTIFS('KAYIT-TAHSİLAT'!$A$2:$A$301,">="&A4,'KAYIT-TAHSİLAT'!$A$2:$A$301,"<"&A4+7) | G4: =SUMIFS('KAYIT-TAHSİLAT'!$G$2:$G$301,'KAYIT-TAHSİLAT'!$A$2:$A$301,">="&A4,'KAYIT-TAHSİLAT'!$A$2:$A$301,"<"&A4+7) | I4: =IF(OR(H4="",F4=0),"",H4/F4)
A5: 46300 | B5: =COUNTIFS(ADAYLAR!$A$2:$A$600,">="&A5,ADAYLAR!$A$2:$A$600,"<"&A5+7) | F5: =COUNTIFS('KAYIT-TAHSİLAT'!$A$2:$A$301,">="&A5,'KAYIT-TAHSİLAT'!$A$2:$A$301,"<"&A5+7) | G5: =SUMIFS('KAYIT-TAHSİLAT'!$G$2:$G$301,'KAYIT-TAHSİLAT'!$A$2:$A$301,">="&A5,'KAYIT-TAHSİLAT'!$A$2:$A$301,"<"&A5+7) | I5: =IF(OR(H5="",F5=0),"",H5/F5)
A6: 46307 | B6: =COUNTIFS(ADAYLAR!$A$2:$A$600,">="&A6,ADAYLAR!$A$2:$A$600,"<"&A6+7) | F6: =COUNTIFS('KAYIT-TAHSİLAT'!$A$2:$A$301,">="&A6,'KAYIT-TAHSİLAT'!$A$2:$A$301,"<"&A6+7) | G6: =SUMIFS('KAYIT-TAHSİLAT'!$G$2:$G$301,'KAYIT-TAHSİLAT'!$A$2:$A$301,">="&A6,'KAYIT-TAHSİLAT'!$A$2:$A$301,"<"&A6+7) | I6: =IF(OR(H6="",F6=0),"",H6/F6)
A7: 46314 | B7: =COUNTIFS(ADAYLAR!$A$2:$A$600,">="&A7,ADAYLAR!$A$2:$A$600,"<"&A7+7) | F7: =COUNTIFS('KAYIT-TAHSİLAT'!$A$2:$A$301,">="&A7,'KAYIT-TAHSİLAT'!$A$2:$A$301,"<"&A7+7) | G7: =SUMIFS('KAYIT-TAHSİLAT'!$G$2:$G$301,'KAYIT-TAHSİLAT'!$A$2:$A$301,">="&A7,'KAYIT-TAHSİLAT'!$A$2:$A$301,"<"&A7+7) | I7: =IF(OR(H7="",F7=0),"",H7/F7)
A8: 46321 | B8: =COUNTIFS(ADAYLAR!$A$2:$A$600,">="&A8,ADAYLAR!$A$2:$A$600,"<"&A8+7) | F8: =COUNTIFS('KAYIT-TAHSİLAT'!$A$2:$A$301,">="&A8,'KAYIT-TAHSİLAT'!$A$2:$A$301,"<"&A8+7) | G8: =SUMIFS('KAYIT-TAHSİLAT'!$G$2:$G$301,'KAYIT-TAHSİLAT'!$A$2:$A$301,">="&A8,'KAYIT-TAHSİLAT'!$A$2:$A$301,"<"&A8+7) | I8: =IF(OR(H8="",F8=0),"",H8/F8)
A9: 46328 | B9: =COUNTIFS(ADAYLAR!$A$2:$A$600,">="&A9,ADAYLAR!$A$2:$A$600,"<"&A9+7) | F9: =COUNTIFS('KAYIT-TAHSİLAT'!$A$2:$A$301,">="&A9,'KAYIT-TAHSİLAT'!$A$2:$A$301,"<"&A9+7) | G9: =SUMIFS('KAYIT-TAHSİLAT'!$G$2:$G$301,'KAYIT-TAHSİLAT'!$A$2:$A$301,">="&A9,'KAYIT-TAHSİLAT'!$A$2:$A$301,"<"&A9+7) | I9: =IF(OR(H9="",F9=0),"",H9/F9)
A10: 46335 | B10: =COUNTIFS(ADAYLAR!$A$2:$A$600,">="&A10,ADAYLAR!$A$2:$A$600,"<"&A10+7) | F10: =COUNTIFS('KAYIT-TAHSİLAT'!$A$2:$A$301,">="&A10,'KAYIT-TAHSİLAT'!$A$2:$A$301,"<"&A10+7) | G10: =SUMIFS('KAYIT-TAHSİLAT'!$G$2:$G$301,'KAYIT-TAHSİLAT'!$A$2:$A$301,">="&A10,'KAYIT-TAHSİLAT'!$A$2:$A$301,"<"&A10+7) | I10: =IF(OR(H10="",F10=0),"",H10/F10)
A11: 46342 | B11: =COUNTIFS(ADAYLAR!$A$2:$A$600,">="&A11,ADAYLAR!$A$2:$A$600,"<"&A11+7) | F11: =COUNTIFS('KAYIT-TAHSİLAT'!$A$2:$A$301,">="&A11,'KAYIT-TAHSİLAT'!$A$2:$A$301,"<"&A11+7) | G11: =SUMIFS('KAYIT-TAHSİLAT'!$G$2:$G$301,'KAYIT-TAHSİLAT'!$A$2:$A$301,">="&A11,'KAYIT-TAHSİLAT'!$A$2:$A$301,"<"&A11+7) | I11: =IF(OR(H11="",F11=0),"",H11/F11)
A12: 46349 | B12: =COUNTIFS(ADAYLAR!$A$2:$A$600,">="&A12,ADAYLAR!$A$2:$A$600,"<"&A12+7) | F12: =COUNTIFS('KAYIT-TAHSİLAT'!$A$2:$A$301,">="&A12,'KAYIT-TAHSİLAT'!$A$2:$A$301,"<"&A12+7) | G12: =SUMIFS('KAYIT-TAHSİLAT'!$G$2:$G$301,'KAYIT-TAHSİLAT'!$A$2:$A$301,">="&A12,'KAYIT-TAHSİLAT'!$A$2:$A$301,"<"&A12+7) | I12: =IF(OR(H12="",F12=0),"",H12/F12)
A13: 46356 | B13: =COUNTIFS(ADAYLAR!$A$2:$A$600,">="&A13,ADAYLAR!$A$2:$A$600,"<"&A13+7) | F13: =COUNTIFS('KAYIT-TAHSİLAT'!$A$2:$A$301,">="&A13,'KAYIT-TAHSİLAT'!$A$2:$A$301,"<"&A13+7) | G13: =SUMIFS('KAYIT-TAHSİLAT'!$G$2:$G$301,'KAYIT-TAHSİLAT'!$A$2:$A$301,">="&A13,'KAYIT-TAHSİLAT'!$A$2:$A$301,"<"&A13+7) | I13: =IF(OR(H13="",F13=0),"",H13/F13)
... A17: 46384 | B17: =COUNTIFS(ADAYLAR!$A$2:$A$600,">="&A17,ADAYLAR!$A$2:$A$600,"<"&A17+7) | F17: =COUNTIFS('KAYIT-TAHSİLAT'!$A$2:$A$301,">="&A17,'KAYIT-TAHSİLAT'!$A$2:$A$301,"<"&A17+7) | G17: =SUMIFS('KAYIT-TAHSİLAT'!$G$2:$G$301,'KAYIT-TAHSİLAT'!$A$2:$A$301,">="&A17,'KAYIT-TAHSİLAT'!$A$2:$A$301,"<"&A17+7) | I17: =IF(OR(H17="",F17=0),"",H17/F17)

Sheet ARAMA SCRİPTİ
A1: Adım | B1: Ne söylenir / ne yapılır
A2: Hazırlık (30 sn) | B2: Aramadan önce satırı oku: program, tanışma seansı, deneyim ve beklenti. Beklentisindeki bir kelimeyi konuşmada kullan.
A3: 1 · Açılış | B3: "Merhaba [Ad] Hanım/Bey, ben Melis, Techne Lab İstanbul'dan arıyorum. [Program] tanışma günü için formunuz bize ulaştı, teşekkür ederiz. Konuşmak için iki dakikanız var mı?" Yoksa: "Ne zaman aramam uygun olur?" Saati NOT'a yaz, Sonraki adım tarihini değiştir.
A4: 2 · Dinle (en önemli kısım) | B4: "Formda [beklenti] yazmışsınız. Biraz anlatır mısınız, sizi şu an bu programa yönelten ne oldu?" Sonra: "Daha önce sahneyle, dansla ya da müzikle bir deneyiminiz oldu mu?" "Haftanın hangi gün ve saatleri size uygun?" Konuşmanın çoğunu o yapsın. Duyduğun gerçek nedeni NOT'a tek cümleyle yaz.
A5: 3 · Programı onun diliyle anlat | B5: Dinlediğin nedene bağla, en fazla 3 cümle. Örnek: "Tam da bu yüzden programda [ilgili blok] var. Küçük bir grupla çalışıyorsunuz ve süreç seyircili bir final performansıyla bitiyor." Program bilgisi için PROGRAM ÖZETLERİ bölümüne bak. Emin olmadığın bir şeyi uydurma: "Bunu netleştirip bugün size yazıyorum."
A6: 4 · Tanışma gününe bağla | B6: "Tanışma günümüz [tarih, saat, mekân]. Ücretsiz, bir saat sürüyor; hem eğitmenle hem grupla tanışıyorsunuz, karar vermeden önce görmüş oluyorsunuz. Sizi listeye kesin olarak yazıyorum, uygun mu?" Evet: DURUM 4-Tanışmaya gelecek. Konum ve saat mesajını hemen at.
A7: 5 · Fiyat sorulursa | B7: Kaçma, net söyle: "[Program] için dönem ücreti [güncel fiyat listesindeki rakam]. Peşin ve taksitli seçeneklerimiz var." Ardından hemen değere dön: "Tanışma gününde programın nasıl işlediğini görünce karar vermek çok daha kolay oluyor." İndirim/burs talebi: "Sizin için soruyorum, bugün dönüyorum." NOT'a yaz, Yağız'a ilet.
A8: İtiraz: "Pahalı" | B8: "Anlıyorum. Neyle karşılaştırdığınızı sorabilir miyim?" Dinle. Sonra farkı somut söyle: küçük grup, sahnede ve sette çalışan eğitmen kadrosu, final performansı. Taksit seçeneğini hatırlat. Hâlâ zor diyorsa: "Tanışma gününe yine de gelin, karar vermek zorunda değilsiniz."
A9: İtiraz: "Zamanım yok" | B9: "Haftanın hangi günü en rahatınız?" Kadıköy ve Pera seçeneklerini, modüler/kısa paketleri (varsa) söyle. Gerçekten uymuyorsa DURUM 10-Sonraki dönem, NOT'a uygun gün/saat.
A10: İtiraz: "Düşüneyim" | B10: "Tabii. Kararınızı en çok ne etkiliyor: zaman mı, bütçe mi, programın size uyup uymadığı mı?" Gerçek engel çıkınca onu konuş. Kapanış: "[gün] size tekrar ulaşayım mı?" Tarihi Sonraki adım tarihine yaz.
A11: İtiraz: "İngilizcem yetmez" (EDL, Praxis, Youth) | B11: "Sohbet edebiliyorsanız yeterli, B1 civarı öneriyoruz. Akıcı olmanız gerekmiyor; programın amacı zaten dili sahnede kullanarak güven kazanmak." Emin değilse tanışma gününe davet et, orada görür.
A12: İtiraz: "Hiç deneyimim yok" | B12: "Deneyim şartı yok, gruplarımızın önemli bir kısmı ilk kez başlıyor. Herkes kendi noktasından başlıyor."
... A23: The Auteur Lab | B23: Yaratıcı yazarlık ve dramaturji. Antikten moderne, çağdaş yazına ve kendi sesine uzanan modüller, modül başına 8 hafta, Kadıköy. Dosya: https://drive.google.com/file/d/1fKsnsALvlX4HNM-9o39C-VBXj_vXc-FN/view

Sheet MESAJ ŞABLONLARI
A1: Durum | B1: Kanal | C1: Metin (köşeli parantezleri doldur)
A2: Ulaşılamadı (aramadan hemen sonra) | B2: WhatsApp | C2: Merhaba [Ad], ben Melis, Techne Lab İstanbul'dan. [Program] tanışma günü başvurunuz için aradım, ulaşamadım. Size uygun bir saat yazarsanız o saatte arayayım. Program dosyası da burada: [dosya linki]
A3: Son deneme (4. gün) | B3: WhatsApp | C3: Merhaba [Ad], size birkaç kez ulaşmaya çalıştık, rahatsız etmek istemeyiz. [Program] ile ilgilenmeye devam ederseniz bu mesaja bir 'evet' yazmanız yeterli, hemen dönüyoruz. Bir sonraki dönem için de haber verebiliriz.
A4: Tanışma günü teyidi (kayıt anında) | B4: WhatsApp | C4: Harika [Ad], sizi [Program] tanışma gününe yazdım. 📍 [Mekân ve adres] 🗓 [Gün, tarih] · [saat] Rahat kıyafet yeterli. Görüşmek üzere!
A5: Tanışma hatırlatma (1 gün önce) | B5: WhatsApp | C5: Merhaba [Ad], yarın [saat]'te [mekân]'da [Program] tanışma gününde görüşüyoruz. Konum: [harita linki]. Gelemeyecekseniz yazmanız yeterli, başka bir tarih ayarlarız.
A6: Tanışma sonrası (aynı akşam) | B6: WhatsApp | C6: Bugün geldiğiniz için çok teşekkürler [Ad]. Grupla çalışırken nasıl hissettiğinizi merak ediyoruz. Aklınızdaki soruları yazabilirsiniz; yarın kısa bir görüşmeyle kayıt detaylarını konuşabiliriz. Size hangi saat uygun?
A7: Gelmedi | B7: WhatsApp | C7: Merhaba [Ad], bugün tanışma gününde sizi göremedik, umarız her şey yolundadır. İsterseniz bir sonraki tanışma gününe ya da kısa bir telefon görüşmesine yer ayırayım.
A8: Ödeme hatırlatma | B8: WhatsApp | C8: Merhaba [Ad], [Program] için yerinizi ayırdık. Kaydı tamamlamak için ödeme bağlantısı: [link]. İlk seans [tarih]. Taksit ya da havale tercih ederseniz yazmanız yeterli.
A9: Kayıt tamamlandı | B9: WhatsApp | C9: Aramıza hoş geldiniz [Ad]! [Program] [tarih] [saat]'te [mekân]'da başlıyor. İlk seanstan önce bilmeniz gerekenleri bir gün önce paylaşacağız. Sorunuz olursa buradayız.
A10: Sonraki dönem (izin 'Evet' olanlara) | B10: WhatsApp / e-posta | C10: Merhaba [Ad], daha önce [Program] ile ilgilenmiştiniz. Yeni dönem [tarih]'te başlıyor ve [tarih]'te ücretsiz tanışma günümüz var. İsterseniz sizi listeye yazayım.
A11: Google yorumu isteme | B11: WhatsApp | C11: Merhaba [Ad], programdaki emeğiniz bizim için çok değerli. Deneyiminizi iki cümleyle Google'da paylaşırsanız, bizi arayan başka insanlara çok yardımcı olur: [Google yorum linki]. Teşekkürler!
A12: Instagram DM ilk yanıt (program belirsizse) | B12: Instagram | C12: docs/mesajlar/KONUSMA-MESAJLARI.md içindeki 'Instagram Otomatik İlk Yanıt' metni. Program belliyse doğrudan o programın dosya mesajını at, çift mesaj gönderme.

Sheet REKLAM ARKADAŞI BRİFİ
A1: # | B1: Konu | C1: Detay
A2: 1 | B2: Kapsam | C2: Meta Ads, Google Ads, grafik tasarım, Instagram post/story/reels üretimi ve yayını bu arkadaşta. Yağız ve Melis reklam paneline girmiyor, görsel üretmiyor artık — sadece metin/öncelik veriyor ve SKOR'u okuyor.
A3: 2 | B3: Hesap erişimleri | C3: Meta reklam hesabı: act_1943993929852674 (YenireklamHesabıTechneLAb) · İşletme portföyü: 1605741837254289 · Piksel: 1542440530516639 · Google Ads: 669-492-3541, techne.lab.istanbul@gmail.com. Erişimi Yağız verir.
A4: 3 | B4: Program kaynağı — TEK DOĞRU YER | C4: Fiyat, tarih, paket: /Users/macbookpro/Downloads/technelab/src/lib/data.ts. Tanışma günü seansları: src/app/tanisma-gunu/sessions.ts. Reklamdaki tarih bu iki dosyayla aynı olmak zorunda — farklıysa reklam geçmiş tarih duyurur, tıklayan kaybedilir. Kod erişimi yoksa Yağız'dan güncel tabloyu iste, tahmin etme.
A5: 4 | B5: Dil kuralları — reklam metninde de geçerli | C5: 'Ders' kelimesi yasak (atölye/program/seans denir). Postta ve reklam metninde telefon numarası yok, yönlendirme DM/siteye. Eğitmen adı ve unvanı reklam metnine konmaz. 'Ücretsiz' cümle içinde geçer, başlıkta bağırmaz. Em dash (—) kullanılmaz. Fiyat sitede gizli, DM'den verilir.
A6: 5 | B6: Marka kimliği | C6: Bauhaus estetiği × Berlin underground × İstanbul tiyatro sahnesi. Zemin siyahı #0A0A0C, vurgu neon yeşil #C8FF00. Fotoğraf dili: gerçek an, sahne ışığı, kalabalık poz yok. Kurumsal kimlik kılavuzunun tamamı 90 GÜN planının 5. haftasında Yağız'dan gelecek.
A7: 6 | B7: Geçmiş performans (devraldığın noktada) | C7: 1-14 Eylül Meta: ₺110.088 harcama, 880 mesaj, 23 form. En iyi dönüşüm: Techne Musical Lab (%40,8 tıklama→mesaj, mesaj başı ₺71). En kötü: English Acting Praxis (%4,3, ₺283). Google Ads 30 gündür bütçesinin %14'ünü harcıyordu — 'Hedef gösterim payı' stratejisi ve Broadway kampanyası 0 gösterimdi, kontrol et. Ayrıntı: docs/reklam/, docs/strateji/ klasörleri.
A8: 7 | B8: Ölçüm — kritik açık | C8: GA4'te generate_lead, whatsapp_click, phone_call olayları 'önemli etkinlik' işaretli değildi (Yağız bunu Eylül'ün 3. haftasında kapatıyor). Kapanmadan optimizasyon kararı gerçek veriye dayanmaz — ilk hafta bunu Yağız'la teyit et.
A9: 8 | B9: Her hafta Yağız'a ne bildirilir | C9: SKOR sekmesine (Google Sheet, paylaşılacak): program bazında harcama, mesaj sayısı, form/kayıt sayısı, kayıt başı maliyet. Pazartesi 15 dakikalık görüşmede aktarılır.
A10: 9 | B10: Yağız'ın hâlâ kendisinin yaptığı/karar verdiği şey | C10: Aylık bütçe onayı, program önceliği (hangi haftada hangi programa ağırlık), marka dili ve kurumsal kimlik kararı, kriz durumunda (geçmiş tarihli reklam, marka ihlali) müdahale.

Sheet ARŞİV
A1: Tarih | B1: Liste | C1: Tür | D1: Yapılan | E1: Toplam | F1: Kalan görevler

Sheet KOD
A1: Apps Script kodu: A sütununun tamamını seçip kopyala, Uzantılar > Apps Script'e yapıştır
A2: /**
A3: * TECHNE LAB · OPERASYON OTOMASYONU
A4: *
A5: * Ne yapar:
A6: * 1. Siteden gelen "Tanışma Günü" e-postalarını 15 dakikada bir ADAYLAR sekmesine ekler.
A7: * 2. Melis bir adayın DURUM'unu değiştirince "Son temas", "Sonraki adım" ve tarihini kendisi doldurur.
A8: * Durum "8-KAYIT OLDU" olunca aday KAYIT-TAHSİLAT sekmesine de otomatik eklenir.
A9: * 3. Her sabah 07:00'de günlük listelerin tiklerini ARŞİV'e yazar ve sıfırlar
A10: * (Pazartesi haftalık, ayın 1'i aylık liste de sıfırlanır).
A11: * 4. MELIS_EMAIL doluysa hafta içi her sabah Melis'e "bugün aranacaklar" e-postası gönderir.
A12: *
... A292: }
